Question,Answer
What is Genesis International Montessori STEM School?,"Genesis International Montessori & STEM School is a progressive educational institution that combines Montessori learning with STEM education. The school focuses on developing creativity, critical thinking, practical skills, and strong academic foundations for children."
Where is the school located?,"The school is located at: Visakha A Colony, Near Arch, Opposite SBI, Peddapadu Road, Srikakulam Town, Andhra Pradesh, India."
What curriculum does the school follow?,"The school follows a blended curriculum integrating Montessori education and STEM-based learning. The academic framework aligns with ICSE standards while also meeting State Board recognition requirements."
Is the school affiliated with any board?,"The school follows an ICSE-oriented curriculum and is working towards formal board recognition under appropriate education authorities."
When was the school established?,"Genesis International Montessori & STEM School was established with the vision of providing innovative and holistic education for modern learners."
What makes this school different from other schools?,"The school integrates Montessori learning, STEM education, robotics, AI exposure, practical activities, and creative learning environments to help children become future-ready learners."
What is the vision and mission of the school?,"The vision of Genesis School is to nurture confident, creative, and responsible individuals through holistic education that blends academic excellence with practical life skills."
What grades or classes does the school offer?,"Genesis School offers programs from Day Care and Pre-Primary up to Class 7."
Is the school co-educational?,"Yes, Genesis School is a co-educational institution welcoming both boys and girls."
What languages are taught at the school?,"English is the medium of instruction. Telugu and Hindi are taught as languages, and foreign languages such as Spanish or German may also be introduced."
What is the admission process?,"Parents can visit the school office, collect the admission form, submit required documents, and complete the admission procedure with the guidance of the school administration."
When do admissions open?,"Admissions typically open before the beginning of each academic year. Parents are encouraged to contact the school office for the latest updates."
What documents are required for admission?,"Required documents usually include: Birth Certificate, Passport-size photographs, Aadhaar card, Previous school records, and Parent ID proof."
Is there an entrance test for admission?,"For higher classes, the school may conduct a simple assessment to understand the child's academic level."
Is there an interview for parents or students?,"Yes. The school may conduct a brief interaction with parents and students to understand the child's learning needs."
What is the minimum age for admission?,"Age requirements follow standard educational guidelines. Parents can contact the school office for the specific age criteria."
How can I apply for admission?,"Parents can apply by visiting the school office or contacting the school administration."
Is there an online admission form?,"Admission enquiries can be made through the school website or by contacting the school office."
Is there an admission fee?,"Fee details are available at the school office. Parents are requested to visit the office for complete information."
How long does the admission process take?,"Once documents are submitted and the form is completed, the admission process can usually be completed within a short time."
Can I schedule a campus visit?,"Yes. Parents are welcome to visit the campus and meet the school administration."
Are mid-year admissions allowed?,"Mid-year admissions may be allowed depending on seat availability."
What is the fee structure?,"Detailed fee information is available at the school office. Parents are requested to visit the office for complete fee details."
Is there an admission fee?,"Yes. Admission fee details are provided at the school office."
What are the annual fees?,"Annual fee details can be obtained from the school administration."
Are there any additional charges?,"Certain activities or services may involve additional charges. Please contact the school office for details."
Is the fee refundable?,"Fee policies are explained during the admission process."
What payment methods are accepted?,"Parents can pay fees through approved payment methods as specified by the school office."
Can fees be paid in installments?,"Installment options may be available. Please contact the school office for details."
Is there any sibling discount?,"Currently, the school does not offer sibling discounts."
Are scholarships available?,"Scholarship programs may be announced in the future."
Is transport included in the fee?,"Transport is a separate service and not included in the school fee."
Does the school follow Montessori education?,"Yes. The school integrates Montessori methods especially in early childhood education."
What is the STEM program?,"STEM stands for Science, Technology, Engineering, and Mathematics. It encourages practical learning and innovation."
How does the school integrate STEM into learning?,"Students participate in hands-on activities such as robotics, experiments, and creative projects."
Are practical activities included in the curriculum?,"Yes. Practical learning is a key part of the Genesis learning approach."
How are students assessed?,"Students are evaluated through continuous assessments, projects, and activities."
Are exams or only continuous evaluation?,"Yes. Exams and continuous assessments are conducted depending on the grade level."
Does the school offer project-based learning?,"Yes. Students participate in project-based learning activities to build practical understanding."
Are coding or robotics taught?,"Yes. Robotics and basic technology exposure are part of the learning program."
What subjects are taught?,"Subjects include English, Mathematics, Science, Social Studies, Languages, and STEM activities."
What are the school timings?,"School timings are from 8:30 AM to 3:30 PM."
What time does school start and end?,"The school starts at 8:30 AM and ends at 3:30 PM."
Are there half-day programs?,"Certain early childhood programs may have flexible timings."
Are after-school programs available?,"Additional programs may be offered based on student interest."
What are the holiday timings?,"The school follows a standard academic calendar for holidays."
What facilities are available?,"Facilities include Montessori activity rooms, STEM learning areas, Robotics labs, Computer lab, Library, Playground, and CCTV security."
Does the school have science labs?,"Yes, STEM learning areas and practical labs are available."
Are there computer labs?,"Yes, the school provides computer lab facilities."
Does the school have a library?,"Yes, the school has a library."
Are there sports facilities?,"Yes, sports facilities including a playground and sand pit are available."
Does the school have smart classrooms?,"Yes. Smart classroom technology is used in teaching."
Is there a playground?,"Yes, the school has a playground."
Are there activity rooms?,"Yes, there are dedicated activity rooms for Montessori learning."
Is there CCTV security?,"Yes. The school maintains CCTV surveillance across the campus."
Is there a medical room?,"The school ensures a safe environment and monitors student health."
Does the school provide transport?,"Yes, transport is available for students living far away or for working parents."
Which areas does the transport cover?,"Transport routes depend on student demand. Please enquire at the office."
What are the transport fees?,"Transport fees are separate and available at the school office."
Is the transport safe?,"Yes. Student safety is a priority in all transport services."
Are buses GPS tracked?,"Safety measures are monitored to ensure student security."
Are there bus attendants?,"Safety protocols include supervision during transit."
What qualifications do teachers have?,"Teachers are qualified educators trained in modern teaching methods."
Are teachers trained in Montessori?,"Yes. Teachers involved in early education are trained in Montessori learning methods."
What is the student-teacher ratio?,"The student-teacher ratio is approximately 1:15, ensuring personalized attention."
How experienced are the teachers?,"Teachers are qualified educators with experience in modern and Montessori methods."
How does the school support training?,"The school encourages continuous professional development for teachers."
What safety measures are in place?,"The school maintains strong safety measures including CCTV surveillance and security guards."
Is the school campus secure?,"Yes. The school ensures a safe and monitored learning environment."
Are there CCTV cameras?,"Yes. The school maintains CCTV surveillance across the campus."
How does the school ensure safety?,"Safety is ensured through CCTV, security guards, and secure access protocols."
Are staff background checks conducted?,"Yes, safety protocols include staff monitoring and secure hiring."
What emergency procedures are followed?,"The school follows established safety and emergency protocols."
What extracurricular activities are offered?,"Activities include robotics projects, art and craft, music, dance, and cultural celebrations."
Does the school offer sports programs?,"Yes, sports programs and playground activities are offered."
Are cultural events conducted?,"Yes. Cultural events and celebrations are conducted regularly."
Does the school conduct field trips?,"Yes. The school conducts field trips and learning experiences."
Are competitions organized?,"Yes. Educational competitions are organized to encourage student growth."
Are there art and music classes?,"Yes, art and craft, music, and dance are part of the curriculum."
How can parents communicate?,"Parents can communicate through WhatsApp groups, school ERP, or by visiting the school."
Does the school have a parent portal?,"Yes, parents can track progress and communicate through the school ERP."
How often are meetings held?,"Regular parent-teacher meetings are conducted to discuss student progress."
Does the school send progress reports?,"Yes, progress reports are shared to keep parents updated."
How can parents track progress?,"Parents can track progress through the school ERP and teacher communication."
Does the school provide meals?,"Currently, the school does not provide meals."
Is there a cafeteria?,"Students are encouraged to bring healthy meals from home."
Are healthy meals provided?,"Currently, the school does not provide meals."
Can students bring lunch from home?,"Yes. Students should bring their lunch from home."
Are digital learning tools used?,"Yes. The school uses digital tools and smart boards to enhance learning."
Does the school use smart boards?,"Yes. Smart classroom technology is used in teaching."
Are tablets or laptops used?,"Technology concepts are introduced through digital platforms."
Is coding taught to students?,"Yes. Students are introduced to coding and technology as part of the STEM program."
When are the school holidays?,"Holidays follow standard academic schedules. Contact the office for the current list."
Does the school follow summer vacation?,"Yes. The school follows a summer vacation schedule."
When does the academic year start?,"The academic year generally begins in June."
When does the academic year end?,"The academic year typically ends in April."
Does the school support special needs?,"Personalized attention with a 1:15 ratio helps support diverse learning needs."
Are counseling services available?,"The school focus is on holistic development and personalized support."
Is there support for slow learners?,"The small student-teacher ratio allows for individualized support."
How can I contact the school?,"Phone: 9703033531, 9493093300. Website: genesisedu.in"
What is the school phone number?,"9703033531, 9493093300"
What is the school email address?,"Information is available on the website: genesisedu.in"
Does the school have a website?,"Yes, the website is genesisedu.in"
Can I visit the school campus?,"Yes. Parents are welcome to visit and interact with the administration."
How do I schedule a meeting?,"You can schedule a meeting by contacting the school office."
How do I join this school?,"Visit the school office and complete the admission process."
What is the fee for kindergarten?,"Please visit the school office for detailed fee information."
Is transport available near my area?,"Contact the school office to check transport availability."
Does the school teach robotics?,"Yes. Robotics and STEM activities are part of the learning program."
Is Montessori education available?,"Yes. Montessori methods are used especially in early childhood education."
What activities does the school offer?,"Robotics, arts, sports, creative learning, STEM projects, and cultural activities."
Can my child join mid-year?,"Mid-year admissions may be allowed based on seat availability."